<powerpagecomponent powerpagecomponentid="6cae4ed9-40b3-4552-96c4-f86eb41b6c83">
  <content>{"description":"A true or false value. If set to true, the Last Successful Login field on the portal user’s contact will be updated with the date and time when they successfully signed in.","value":"False"}</content>
  <iscustomizable>1</iscustomizable>
  <name>Authentication/LoginTrackingEnabled</name>
  <powerpagecomponenttype>9</powerpagecomponenttype>
  <powerpagesiteid>
    <powerpagesiteid>4e4eed40-9eb3-49f6-893c-cd23881d312e</powerpagesiteid>
  </powerpagesiteid>
  <statecode>0</statecode>
  <statuscode>1</statuscode>
</powerpagecomponent>