<powerpagecomponent powerpagecomponentid="0e1e9e7d-6486-4b9a-b358-66b5cd6aa020">
  <content>{"source":"{% assign search_page = sitemarkers['Search'] %}\r\n{% assign query = settings['search/query'] | default:'@(Query)' %}\r\n{% block main %}\r\n&lt;div class=\"handlebars-search-container\" data-url=\"{{ search_page.url | h }}\" data-query=\"{{query}}\"&gt;\r\n &lt;div class=\"row search-body-container\"&gt;\r\n   &lt;div class=\"col-xs-12 loader\"&gt;&lt;div class=\"fa-spin\"&gt;&lt;span class=\"fa fa-spinner fa-4x\" aria-hidden=\"true\"&gt;&lt;/span&gt;&lt;/div&gt;&lt;/div&gt;\r\n &lt;/div&gt;\r\n \r\n  &lt;div class=\"js-facet-order-definition hidden\"&gt;\r\n   &lt;div class=\"facet-order-item\"&gt;_logicalname&lt;/div&gt;\r\n   &lt;div class=\"facet-order-item\"&gt;modifiedon.date&lt;/div&gt;\r\n   &lt;div class=\"facet-order-item\"&gt;rating&lt;/div&gt;\r\n   &lt;div class=\"facet-order-item\"&gt;associated.product&lt;/div&gt;\r\n  &lt;/div&gt;\r\n  \r\n  {% include 'Faceted Search - Paging Template' %}\r\n  {% include 'Faceted Search - Sort Template' %}  \r\n  {% include 'Faceted Search - Facets Template' %}\r\n  {% include 'Faceted Search - Results Template' %}  \r\n&lt;/div&gt;\r\n\r\n{%raw%}\r\n&lt;script id=\"facets-view-body-container\" type=\"text/x-handlebars-template\"&gt;\r\n {{#if facetViews }}\r\n  &lt;div class=\"col-md-3 col-sm-4 facets\"&gt;&lt;/div&gt;  \r\n  &lt;div class=\"col-md-9 col-sm-8 col-xs-12 loader\"&gt;&lt;div class=\"fa-spin\"&gt;&lt;span class=\"fa fa-spinner fa-4x\" aria-hidden=\"true\"&gt;&lt;/span&gt;&lt;/div&gt;&lt;/div&gt;\r\n  &lt;div class=\"col-md-9 col-sm-8 col-xs-12 js-search-body\"&gt;\r\n   &lt;div class=\"hidden-xs search-order js-search-body pull-right\"&gt;&lt;/div&gt;\r\n   &lt;div class=\"search-results\" role=\"alert\"&gt;&lt;/div&gt;\r\n   &lt;div class=\"search-pagination text-center\"&gt;&lt;/div&gt;\r\n  &lt;/div&gt;\r\n  {{else}}\r\n  &lt;div class=\"col-md-12 col-sm-12 col-xs-12 js-search-body\"&gt;\r\n   &lt;div class=\"hidden-xs search-order js-search-body pull-right\"&gt;&lt;/div&gt;\r\n   &lt;div class=\"search-results\"&gt;&lt;/div&gt;\r\n   &lt;div class=\"search-pagination text-center\"&gt;&lt;/div&gt;\r\n  &lt;/div&gt;  \r\n  {{/if}}\r\n&lt;/script&gt;\r\n{% endraw %}\r\n{% endblock %}"}</content>
  <iscustomizable>1</iscustomizable>
  <name>Faceted Search - Main Template</name>
  <powerpagecomponenttype>8</powerpagecomponenttype>
  <powerpagesiteid>
    <powerpagesiteid>4e4eed40-9eb3-49f6-893c-cd23881d312e</powerpagesiteid>
  </powerpagesiteid>
  <statecode>0</statecode>
  <statuscode>1</statuscode>
</powerpagecomponent>