<powerpagecomponent powerpagecomponentid="33f3b1cd-0f94-4bba-826d-a7528cef0dba">
  <content>{"display_name":"Default","publishingstateid":"63877d0d-86c4-4082-afe4-bbd5e4b4d55e"}</content>
  <iscustomizable>1</iscustomizable>
  <name>Default</name>
  <powerpagecomponenttype>4</powerpagecomponenttype>
  <powerpagesiteid>
    <powerpagesiteid>4e4eed40-9eb3-49f6-893c-cd23881d312e</powerpagesiteid>
  </powerpagesiteid>
  <powerpagesitelanguageid>
    <powerpagesitelanguageid>e51bd280-8fbf-4d06-96bf-97da5043836d</powerpagesitelanguageid>
  </powerpagesitelanguageid>
  <statecode>0</statecode>
  <statuscode>1</statuscode>
</powerpagecomponent>