<powerpagecomponent powerpagecomponentid="6abeb7db-9106-44b4-b668-2310ded781c6">
  <content>{"createdOn":"2024-02-18T03:16:38.717Z","parentpageid":"a4c6b358-2aeb-4df9-8852-651d8b9298f5","publishingstateid":"63877d0d-86c4-4082-afe4-bbd5e4b4d55e","partialurl":"ppbootcamp.png","title":"","summary":"","enabletracking":false,"excludefromsearch":false,"hiddenfromsitemap":false}</content>
  <filecontent mimetype="image/png">ppbootcamp.png</filecontent>
  <iscustomizable>1</iscustomizable>
  <name>ppbootcamp.png</name>
  <powerpagecomponenttype>3</powerpagecomponenttype>
  <powerpagesiteid>
    <powerpagesiteid>4e4eed40-9eb3-49f6-893c-cd23881d312e</powerpagesiteid>
  </powerpagesiteid>
  <statecode>0</statecode>
  <statuscode>1</statuscode>
</powerpagecomponent>