<powerpagecomponent powerpagecomponentid="a951dd9a-3ccc-4bf8-a367-7ef666b593ee">
  <content>{"adx_pollplacement_poll":["8e4e9b51-f736-ec11-8c63-000d3a3adc33","944e9b51-f736-ec11-8c63-000d3a3adc33","984e9b51-f736-ec11-8c63-000d3a3adc33","9d4e9b51-f736-ec11-8c63-000d3a3adc33"]}</content>
  <iscustomizable>1</iscustomizable>
  <name>Home</name>
  <powerpagecomponenttype>24</powerpagecomponenttype>
  <powerpagesiteid>
    <powerpagesiteid>4e4eed40-9eb3-49f6-893c-cd23881d312e</powerpagesiteid>
  </powerpagesiteid>
  <statecode>0</statecode>
  <statuscode>1</statuscode>
</powerpagecomponent>