<powerpagecomponent powerpagecomponentid="563b7b52-270d-404f-9916-0c5c05696f77">
  <content>{"entityname":"adx_webpage","isdefault":false,"rewriteurl":"~/Pages/FullPage.aspx","type":756150000,"usewebsiteheaderandfooter":true}</content>
  <iscustomizable>1</iscustomizable>
  <name>Full Page</name>
  <powerpagecomponenttype>6</powerpagecomponenttype>
  <powerpagesiteid>
    <powerpagesiteid>4e4eed40-9eb3-49f6-893c-cd23881d312e</powerpagesiteid>
  </powerpagesiteid>
  <statecode>0</statecode>
  <statuscode>1</statuscode>
</powerpagecomponent>