<powerpagecomponent powerpagecomponentid="476dfa61-15d8-4c5d-b964-dfc111a3a53b">
  <content>{"enablerating":false,"enabletracking":false,"excludefromsearch":false,"feedbackpolicy":756150000,"hiddenfromsitemap":false,"isroot":true,"pagetemplateid":"bc97f9ec-2b80-4d53-9b7f-f860f40c221c","parentpageid":"a4c6b358-2aeb-4df9-8852-651d8b9298f5","partialurl":"default-offline-page","publishingstateid":"63877d0d-86c4-4082-afe4-bbd5e4b4d55e","sharedpageconfiguration":false,"title":"Default Offline Page"}</content>
  <iscustomizable>1</iscustomizable>
  <name>Default Offline Page</name>
  <powerpagecomponenttype>2</powerpagecomponenttype>
  <powerpagesiteid>
    <powerpagesiteid>4e4eed40-9eb3-49f6-893c-cd23881d312e</powerpagesiteid>
  </powerpagesiteid>
  <searchcontent>Default Offline PageDefault Offline Page</searchcontent>
  <statecode>0</statecode>
  <statuscode>1</statuscode>
</powerpagecomponent>