<powerpagesitelanguages>
  <powerpagesitelanguage powerpagesitelanguageid="e51bd280-8fbf-4d06-96bf-97da5043836d">
    <content>{"publishingstate":"63877d0d-86c4-4082-afe4-bbd5e4b4d55e","systemlanguage":1033}</content>
    <displayname>English</displayname>
    <iscustomizable>1</iscustomizable>
    <languagecode>en-US</languagecode>
    <lcid>1033</lcid>
    <name>English</name>
    <powerpagesiteid>
      <powerpagesiteid>4e4eed40-9eb3-49f6-893c-cd23881d312e</powerpagesiteid>
    </powerpagesiteid>
    <statecode>0</statecode>
    <statuscode>1</statuscode>
  </powerpagesitelanguage>
</powerpagesitelanguages>