<powerpagesites>
  <powerpagesite powerpagesiteid="4e4eed40-9eb3-49f6-893c-cd23881d312e">
    <content>{"defaultlanguage":"e51bd280-8fbf-4d06-96bf-97da5043836d","footerwebtemplateid":"58008843-b273-4f51-95ec-0cb5312ddfdb","headerwebtemplateid":"fa0fb138-3865-4c0b-b833-963396db48a6","statecode":0,"statuscode":1,"website_language":1033,"defaultbotconsumerid":"9ba6a70c-61cc-ee11-9079-002248e35884"}</content>
    <datamodelversion>2.0</datamodelversion>
    <iscustomizable>1</iscustomizable>
    <name>Contoso - powerlabs1</name>
    <primarydomainname>powerlabs1.powerappsportals.com</primarydomainname>
    <statecode>0</statecode>
    <statuscode>1</statuscode>
  </powerpagesite>
</powerpagesites>