<powerpagecomponent powerpagecomponentid="56605532-8d8f-47a3-9b1c-291b4515ac6d">
  <content>{"disablepagevalidation":false,"displayimageonly":false,"displayorder":3,"displaypagechildlinks":false,"openinnewwindow":false,"pageid":"9074afa1-3eec-4c73-aa45-22c25ee1231b","publishingstateid":"63877d0d-86c4-4082-afe4-bbd5e4b4d55e","robotsfollowlink":true,"weblinksetid":"179a8016-92e7-4230-ac1a-be75ff267b09"}</content>
  <iscustomizable>1</iscustomizable>
  <name>Pages</name>
  <powerpagecomponenttype>5</powerpagecomponenttype>
  <powerpagesiteid>
    <powerpagesiteid>4e4eed40-9eb3-49f6-893c-cd23881d312e</powerpagesiteid>
  </powerpagesiteid>
  <statecode>0</statecode>
  <statuscode>1</statuscode>
</powerpagecomponent>