<powerpagecomponent powerpagecomponentid="9ba6a70c-61cc-ee11-9079-002248e35884">
  <content>{"botschemaname":"cree3_d8b8ea26-8402-44a6-a96c-7fda5919641d", "configjson":"{}"}</content>
  <iscustomizable>1</iscustomizable>
  <name>Bot Consumer</name>
  <powerpagecomponenttype>27</powerpagecomponenttype>
  <powerpagesiteid>
    <powerpagesiteid>4e4eed40-9eb3-49f6-893c-cd23881d312e</powerpagesiteid>
  </powerpagesiteid>
  <statecode>0</statecode>
  <statuscode>1</statuscode>
</powerpagecomponent>