<powerpagecomponent powerpagecomponentid="576d91a3-a07f-4497-81d3-07b872dc9c15">
  <content>{"enablerating":false,"enabletracking":false,"excludefromsearch":true,"feedbackpolicy":756150000,"hiddenfromsitemap":true,"isroot":true,"pagetemplateid":"bc97f9ec-2b80-4d53-9b7f-f860f40c221c","parentpageid":"a4c6b358-2aeb-4df9-8852-651d8b9298f5","partialurl":"page-not-found","publishingstateid":"63877d0d-86c4-4082-afe4-bbd5e4b4d55e","sharedpageconfiguration":false}</content>
  <iscustomizable>1</iscustomizable>
  <name>Page Not Found</name>
  <powerpagecomponenttype>2</powerpagecomponenttype>
  <powerpagesiteid>
    <powerpagesiteid>4e4eed40-9eb3-49f6-893c-cd23881d312e</powerpagesiteid>
  </powerpagesiteid>
  <searchcontent>Page Not Found</searchcontent>
  <statecode>0</statecode>
  <statuscode>1</statuscode>
</powerpagecomponent>