<powerpagecomponent powerpagecomponentid="db4cff4e-b2b1-47ca-b288-ebc0085a8aaa">
  <content>{"adx_entitypermission_webrole":["437c20d7-bbea-4e3c-bd97-2cfba04d8aab","65683a7a-7ddd-43e7-82af-3e61085b2d25","37f099c3-1fe6-42b4-9b71-c1ae9642511d"],"append":false,"appendto":false,"create":true,"delete":false,"entitylogicalname":"feedback","entityname":"Feedback","read":false,"scope":756150000,"write":false}</content>
  <iscustomizable>1</iscustomizable>
  <name>Feedback</name>
  <powerpagecomponenttype>18</powerpagecomponenttype>
  <powerpagesiteid>
    <powerpagesiteid>4e4eed40-9eb3-49f6-893c-cd23881d312e</powerpagesiteid>
  </powerpagesiteid>
  <statecode>0</statecode>
  <statuscode>1</statuscode>
</powerpagecomponent>