<powerpagecomponent powerpagecomponentid="25f1a146-b9ca-4e5b-b1ba-76063a332047">
  <content>{"display_name":"Header/Search/FilterLabel","type":756150000,"value":"Search Filter"}</content>
  <iscustomizable>1</iscustomizable>
  <name>Header/Search/FilterLabel</name>
  <powerpagecomponenttype>7</powerpagecomponenttype>
  <powerpagesiteid>
    <powerpagesiteid>4e4eed40-9eb3-49f6-893c-cd23881d312e</powerpagesiteid>
  </powerpagesiteid>
  <powerpagesitelanguageid>
    <powerpagesitelanguageid>e51bd280-8fbf-4d06-96bf-97da5043836d</powerpagesitelanguageid>
  </powerpagesitelanguageid>
  <statecode>0</statecode>
  <statuscode>1</statuscode>
</powerpagecomponent>