<powerpagecomponent powerpagecomponentid="adaf78f9-0cc5-400b-9113-af62092cd923">
  <content>{"enablerating":false,"enabletracking":false,"excludefromsearch":false,"feedbackpolicy":756150000,"hiddenfromsitemap":true,"isroot":true,"pagetemplateid":"89cfa45b-08bb-4ba8-8800-9d6136dc7ccd","parentpageid":"a4c6b358-2aeb-4df9-8852-651d8b9298f5","partialurl":"profile","publishingstateid":"63877d0d-86c4-4082-afe4-bbd5e4b4d55e","sharedpageconfiguration":false,"title":"Profile"}</content>
  <iscustomizable>1</iscustomizable>
  <name>Profile</name>
  <powerpagecomponenttype>2</powerpagecomponenttype>
  <powerpagesiteid>
    <powerpagesiteid>4e4eed40-9eb3-49f6-893c-cd23881d312e</powerpagesiteid>
  </powerpagesiteid>
  <searchcontent>ProfileProfile</searchcontent>
  <statecode>0</statecode>
  <statuscode>1</statuscode>
</powerpagecomponent>