<powerpagecomponent powerpagecomponentid="fea74223-86c5-47b8-8fc0-455e98653057">
  <content>{"disablepagevalidation":false,"displayimageonly":false,"displayorder":2,"displaypagechildlinks":false,"openinnewwindow":false,"pageid":"e97a43d9-b663-4583-8f43-83367c17e452","parentweblinkid":"e31e22d4-76dc-47d1-ada2-53fa21a2a9be","publishingstateid":"63877d0d-86c4-4082-afe4-bbd5e4b4d55e","robotsfollowlink":true,"weblinksetid":"33f3b1cd-0f94-4bba-826d-a7528cef0dba"}</content>
  <iscustomizable>1</iscustomizable>
  <name>Subpage 2</name>
  <powerpagecomponenttype>5</powerpagecomponenttype>
  <powerpagesiteid>
    <powerpagesiteid>4e4eed40-9eb3-49f6-893c-cd23881d312e</powerpagesiteid>
  </powerpagesiteid>
  <statecode>0</statecode>
  <statuscode>1</statuscode>
</powerpagecomponent>