<powerpagecomponent powerpagecomponentid="c130df25-8ca0-4c4a-abe0-7d4daca3f2e5">
  <content>{"createdOn":"2024-02-18T03:16:50.911Z","parentpageid":"a4c6b358-2aeb-4df9-8852-651d8b9298f5","publishingstateid":"63877d0d-86c4-4082-afe4-bbd5e4b4d55e","partialurl":"thumbnail.css","title":"","summary":"","enabletracking":false,"excludefromsearch":false,"hiddenfromsitemap":false,"displayorder":-1}</content>
  <filecontent mimetype="text/css">thumbnail.css</filecontent>
  <iscustomizable>1</iscustomizable>
  <name>thumbnail.css</name>
  <powerpagecomponenttype>3</powerpagecomponenttype>
  <powerpagesiteid>
    <powerpagesiteid>4e4eed40-9eb3-49f6-893c-cd23881d312e</powerpagesiteid>
  </powerpagesiteid>
  <statecode>0</statecode>
  <statuscode>1</statuscode>
</powerpagecomponent>