<powerpagecomponent powerpagecomponentid="6e75a3f9-fe26-431c-b022-becb18ee4b75">
  <content>{"display_name":"Search/Facet/Rating","type":756150000,"value":"Rating"}</content>
  <iscustomizable>1</iscustomizable>
  <name>Search/Facet/Rating</name>
  <powerpagecomponenttype>7</powerpagecomponenttype>
  <powerpagesiteid>
    <powerpagesiteid>4e4eed40-9eb3-49f6-893c-cd23881d312e</powerpagesiteid>
  </powerpagesiteid>
  <powerpagesitelanguageid>
    <powerpagesitelanguageid>e51bd280-8fbf-4d06-96bf-97da5043836d</powerpagesitelanguageid>
  </powerpagesitelanguageid>
  <statecode>0</statecode>
  <statuscode>1</statuscode>
</powerpagecomponent>