<powerpagecomponent powerpagecomponentid="42c78d55-e7e3-44ec-a38b-1b7dfb5ceccc">
  <content>{"contentdisposition":756150000,"enabletracking":false,"excludefromsearch":false,"hiddenfromsitemap":false,"parentpageid":"a4c6b358-2aeb-4df9-8852-651d8b9298f5","partialurl":"PWAManifest.json","publishingstateid":"63877d0d-86c4-4082-afe4-bbd5e4b4d55e"}</content>
  <filecontent mimetype="application/octet-stream">PWAManifest.json</filecontent>
  <iscustomizable>1</iscustomizable>
  <name>PWAManifest.json</name>
  <powerpagecomponenttype>3</powerpagecomponenttype>
  <powerpagesiteid>
    <powerpagesiteid>4e4eed40-9eb3-49f6-893c-cd23881d312e</powerpagesiteid>
  </powerpagesiteid>
  <statecode>0</statecode>
  <statuscode>1</statuscode>
</powerpagecomponent>