<powerpagecomponent powerpagecomponentid="c2c415c3-fab3-42fe-b2d5-42466512b27d">
  <content>{"contentdisposition":756150000,"displayorder":109,"enabletracking":false,"excludefromsearch":true,"hiddenfromsitemap":false,"parentpageid":"a4c6b358-2aeb-4df9-8852-651d8b9298f5","partialurl":"portalbasictheme.css","publishingstateid":"63877d0d-86c4-4082-afe4-bbd5e4b4d55e"}</content>
  <filecontent mimetype="text/css">portalbasictheme.css</filecontent>
  <iscustomizable>1</iscustomizable>
  <name>portalbasictheme.css</name>
  <powerpagecomponenttype>3</powerpagecomponenttype>
  <powerpagesiteid>
    <powerpagesiteid>4e4eed40-9eb3-49f6-893c-cd23881d312e</powerpagesiteid>
  </powerpagesiteid>
  <statecode>0</statecode>
  <statuscode>1</statuscode>
</powerpagecomponent>