<powerpagecomponent powerpagecomponentid="140bfb53-0bc1-48f6-98b4-e3685fbc227b">
  <content>{"contentdisposition":756150000,"enabletracking":false,"excludefromsearch":false,"hiddenfromsitemap":false,"parentpageid":"a4c6b358-2aeb-4df9-8852-651d8b9298f5","partialurl":"Site-mockup-1.png","publishingstateid":"63877d0d-86c4-4082-afe4-bbd5e4b4d55e"}</content>
  <filecontent mimetype="application/octet-stream">Site-mockup-1.png</filecontent>
  <iscustomizable>1</iscustomizable>
  <name>Site-mockup-1.png</name>
  <powerpagecomponenttype>3</powerpagecomponenttype>
  <powerpagesiteid>
    <powerpagesiteid>4e4eed40-9eb3-49f6-893c-cd23881d312e</powerpagesiteid>
  </powerpagesiteid>
  <statecode>0</statecode>
  <statuscode>1</statuscode>
</powerpagecomponent>