<powerpagecomponent powerpagecomponentid="fa59c1d3-8924-49c4-a5e8-d52d410f33b9">
  <content>{"display_name":"Page Children Heading","type":756150000,"value":"In This Section"}</content>
  <iscustomizable>1</iscustomizable>
  <name>Page Children Heading</name>
  <powerpagecomponenttype>7</powerpagecomponenttype>
  <powerpagesiteid>
    <powerpagesiteid>4e4eed40-9eb3-49f6-893c-cd23881d312e</powerpagesiteid>
  </powerpagesiteid>
  <powerpagesitelanguageid>
    <powerpagesitelanguageid>e51bd280-8fbf-4d06-96bf-97da5043836d</powerpagesitelanguageid>
  </powerpagesitelanguageid>
  <statecode>0</statecode>
  <statuscode>1</statuscode>
</powerpagecomponent>