<powerpagecomponent powerpagecomponentid="c73a680a-734b-47bf-8df5-db07d1361ef8">
  <content>{"display_name":"Search/Facet/Downloads","type":756150000,"value":"Downloads"}</content>
  <iscustomizable>1</iscustomizable>
  <name>Search/Facet/Downloads</name>
  <powerpagecomponenttype>7</powerpagecomponenttype>
  <powerpagesiteid>
    <powerpagesiteid>4e4eed40-9eb3-49f6-893c-cd23881d312e</powerpagesiteid>
  </powerpagesiteid>
  <powerpagesitelanguageid>
    <powerpagesitelanguageid>e51bd280-8fbf-4d06-96bf-97da5043836d</powerpagesitelanguageid>
  </powerpagesitelanguageid>
  <statecode>0</statecode>
  <statuscode>1</statuscode>
</powerpagecomponent>