<powerpagecomponent powerpagecomponentid="74ed9527-d006-4420-9352-d5ee5c93d66e">
  <content>{
  "powerpagesitelanguageid": "e51bd280-8fbf-4d06-96bf-97da5043836d",
  "filecontent": null,
  "display_name": "Site name",
  "type": 756150000,
  "value": "Power Platform Global Bootcamp"
}</content>
  <iscustomizable>1</iscustomizable>
  <name>Site name</name>
  <powerpagecomponenttype>7</powerpagecomponenttype>
  <powerpagesiteid>
    <powerpagesiteid>4e4eed40-9eb3-49f6-893c-cd23881d312e</powerpagesiteid>
  </powerpagesiteid>
  <powerpagesitelanguageid>
    <powerpagesitelanguageid>e51bd280-8fbf-4d06-96bf-97da5043836d</powerpagesitelanguageid>
  </powerpagesitelanguageid>
  <statecode>0</statecode>
  <statuscode>1</statuscode>
</powerpagecomponent>