<powerpagecomponent powerpagecomponentid="b8f3af5b-3a01-4d5f-b144-fb0eb36b52fa">
  <content>{"display_name":"Home/Subtitle","type":756150000,"value":"This is  sample landing page for you to start building your website."}</content>
  <iscustomizable>1</iscustomizable>
  <name>Home/Subtitle</name>
  <powerpagecomponenttype>7</powerpagecomponenttype>
  <powerpagesiteid>
    <powerpagesiteid>4e4eed40-9eb3-49f6-893c-cd23881d312e</powerpagesiteid>
  </powerpagesiteid>
  <powerpagesitelanguageid>
    <powerpagesitelanguageid>e51bd280-8fbf-4d06-96bf-97da5043836d</powerpagesitelanguageid>
  </powerpagesitelanguageid>
  <statecode>0</statecode>
  <statuscode>1</statuscode>
</powerpagecomponent>