<powerpagecomponent powerpagecomponentid="4c5fc7fb-c84a-4d7f-b528-8d910e765c96">
  <content>{"status":"enable","selectedThemeId":"329a43fa-5471-4678-8330-d3a0b404e9bb","siteSettingId":"4c5fc7fb-c84a-4d7f-b528-8d910e765c96","version":"V2"}</content>
  <iscustomizable>1</iscustomizable>
  <name>ThemeFeature</name>
  <powerpagecomponenttype>9</powerpagecomponenttype>
  <powerpagesiteid>
    <powerpagesiteid>4e4eed40-9eb3-49f6-893c-cd23881d312e</powerpagesiteid>
  </powerpagesiteid>
  <statecode>0</statecode>
  <statuscode>1</statuscode>
</powerpagecomponent>