<powerpagecomponent powerpagecomponentid="ba1af5a3-b02e-461a-a1d1-70fc94040906">
  <content>{"disablepagevalidation":false,"displayimageonly":false,"displayorder":1,"displaypagechildlinks":false,"openinnewwindow":false,"pageid":"1a8d365e-3956-4fdf-ba07-71465db0231d","parentweblinkid":"e31e22d4-76dc-47d1-ada2-53fa21a2a9be","publishingstateid":"63877d0d-86c4-4082-afe4-bbd5e4b4d55e","robotsfollowlink":true,"weblinksetid":"33f3b1cd-0f94-4bba-826d-a7528cef0dba"}</content>
  <iscustomizable>1</iscustomizable>
  <name>Subpage 1</name>
  <powerpagecomponenttype>5</powerpagecomponenttype>
  <powerpagesiteid>
    <powerpagesiteid>4e4eed40-9eb3-49f6-893c-cd23881d312e</powerpagesiteid>
  </powerpagesiteid>
  <statecode>0</statecode>
  <statuscode>1</statuscode>
</powerpagecomponent>