<powerpagecomponent powerpagecomponentid="7a6546d4-5b4f-4451-8d07-b6a18f81dc50">
  <content>{"source":"&lt;div class=\"page-copy\"&gt;\r {% editable page 'adx_copy' type: 'html', liquid: true %}\r&lt;/div&gt;"}</content>
  <iscustomizable>1</iscustomizable>
  <name>Page Copy</name>
  <powerpagecomponenttype>8</powerpagecomponenttype>
  <powerpagesiteid>
    <powerpagesiteid>4e4eed40-9eb3-49f6-893c-cd23881d312e</powerpagesiteid>
  </powerpagesiteid>
  <statecode>0</statecode>
  <statuscode>1</statuscode>
</powerpagecomponent>