<powerpagecomponent powerpagecomponentid="b6470961-0b0f-45fa-8d18-28c11a18ead4">
  <content>{"display_name":"Search/Facet/Sort Order/Views","type":756150000,"value":"View Count"}</content>
  <iscustomizable>1</iscustomizable>
  <name>Search/Facet/SortOrder/Views</name>
  <powerpagecomponenttype>7</powerpagecomponenttype>
  <powerpagesiteid>
    <powerpagesiteid>4e4eed40-9eb3-49f6-893c-cd23881d312e</powerpagesiteid>
  </powerpagesiteid>
  <powerpagesitelanguageid>
    <powerpagesitelanguageid>e51bd280-8fbf-4d06-96bf-97da5043836d</powerpagesitelanguageid>
  </powerpagesitelanguageid>
  <statecode>0</statecode>
  <statuscode>1</statuscode>
</powerpagecomponent>