<powerpagecomponent powerpagecomponentid="2fa39e8c-72ea-4e10-9e54-27463172f123">
  <content>{"adx_webpageaccesscontrolrule_webrole":["65683a7a-7ddd-43e7-82af-3e61085b2d25"],"right":1,"scope":1,"webpageid":"a4c6b358-2aeb-4df9-8852-651d8b9298f5"}</content>
  <iscustomizable>1</iscustomizable>
  <name>Grant Change to Administrators</name>
  <powerpagecomponenttype>10</powerpagecomponenttype>
  <powerpagesiteid>
    <powerpagesiteid>4e4eed40-9eb3-49f6-893c-cd23881d312e</powerpagesiteid>
  </powerpagesiteid>
  <statecode>0</statecode>
  <statuscode>1</statuscode>
</powerpagecomponent>