<powerpagecomponent powerpagecomponentid="ba9f59b8-7476-4ea2-92e3-c1a0241cdbb8">
  <content>{"source":"{% assign page_type = page_type %}\r\n\r\n&lt;div class=\"tabs-header\" id=\"mainContent\"&gt;\r\n  &lt;ul class=\"nav nav-tabs\"&gt;\r\n    {% if page_type == 'topic' %}\r\n      &lt;li role=\"presentation\"&gt;\r\n        &lt;a title=\"{{ page.parent.title }}\" href=\"{{ page.parent.url }}\"&gt;{{ page.parent.title }}&lt;/a&gt;\r\n      &lt;/li&gt;\r\n      {% for child in page.parent.children %}\r\n        {% if child.title == page.title %}\r\n          &lt;li role=\"presentation\" class=\"active\"&gt;\r\n            &lt;a title=\"{{ page.title }}\" href=\"{{ page.url }}\"&gt;{{ page.title }}&lt;/a&gt;\r\n          &lt;/li&gt;\r\n        {% else %}\r\n        &lt;li role=\"presentation\"&gt;\r\n          &lt;a title=\"{{ child.title }}\" href=\"{{ child.url }}\"&gt;{{ child.title }}&lt;/a&gt;\r\n        &lt;/li&gt;\r\n        {% endif %}\r\n      {% endfor %}\r\n    {% else %}\r\n      &lt;li role=\"presentation\" class=\"active\"&gt;\r\n        &lt;a title=\"{{ page.title }}\" href=\"{{ page.url }}\"&gt;{{ page.title }}&lt;/a&gt;\r\n      &lt;/li&gt;\r\n      {% for child in page.children %}\r\n        &lt;li role=\"presentation\"&gt;\r\n          &lt;a title=\"{{ child.title }}\" href=\"{{ child.url }}\"&gt;{{ child.title }}&lt;/a&gt;\r\n        &lt;/li&gt;\r\n      {% endfor %}\r\n    {% endif %}\r\n  &lt;/ul&gt;\r\n&lt;/div&gt;"}</content>
  <iscustomizable>1</iscustomizable>
  <name>Tab Header</name>
  <powerpagecomponenttype>8</powerpagecomponenttype>
  <powerpagesiteid>
    <powerpagesiteid>4e4eed40-9eb3-49f6-893c-cd23881d312e</powerpagesiteid>
  </powerpagesiteid>
  <statecode>0</statecode>
  <statuscode>1</statuscode>
</powerpagecomponent>