<powerpagecomponent powerpagecomponentid="fba1aed1-38c3-40e0-b98c-6035d0bc4c3c">
  <content>{"disablepagevalidation":false,"displayimageonly":false,"displayorder":1,"displaypagechildlinks":false,"openinnewwindow":false,"pageid":"a4c6b358-2aeb-4df9-8852-651d8b9298f5","publishingstateid":"63877d0d-86c4-4082-afe4-bbd5e4b4d55e","robotsfollowlink":true,"weblinksetid":"179a8016-92e7-4230-ac1a-be75ff267b09"}</content>
  <iscustomizable>1</iscustomizable>
  <name>Home</name>
  <powerpagecomponenttype>5</powerpagecomponenttype>
  <powerpagesiteid>
    <powerpagesiteid>4e4eed40-9eb3-49f6-893c-cd23881d312e</powerpagesiteid>
  </powerpagesiteid>
  <statecode>0</statecode>
  <statuscode>1</statuscode>
</powerpagecomponent>