<powerpagecomponent powerpagecomponentid="b7e62f76-181a-4c1b-bab7-02f799bffd74">
  <content>{"display_name":"Mobile Header","type":756150001,"value":"&lt;a href='~/'&gt;\r\n  {% if snippets['Logo URL'] %}&lt;img src='{{ snippets['Logo URL'] }}' alt='{{ snippets['Logo alt text'] }}' style='width: auto; height: 32px; margin: 0 10px;'&gt;{% endif %}\r\n  {% if snippets['Site name'] %}\r\n    &lt;h1 class='siteTitle'&gt;{{ snippets['Site name'] }}&lt;/h1&gt;\r\n  {% endif %}\r\n&lt;/a&gt;\r\n"}</content>
  <iscustomizable>1</iscustomizable>
  <name>Mobile Header</name>
  <powerpagecomponenttype>7</powerpagecomponenttype>
  <powerpagesiteid>
    <powerpagesiteid>4e4eed40-9eb3-49f6-893c-cd23881d312e</powerpagesiteid>
  </powerpagesiteid>
  <powerpagesitelanguageid>
    <powerpagesitelanguageid>e51bd280-8fbf-4d06-96bf-97da5043836d</powerpagesitelanguageid>
  </powerpagesitelanguageid>
  <statecode>0</statecode>
  <statuscode>1</statuscode>
</powerpagecomponent>