<powerpagecomponent powerpagecomponentid="31e31c58-4240-4a39-9841-13f815997ec1">
  <content>{"createdOn":"2024-02-18T03:15:47.517Z","parentpageid":"a4c6b358-2aeb-4df9-8852-651d8b9298f5","publishingstateid":"63877d0d-86c4-4082-afe4-bbd5e4b4d55e","partialurl":"Screenshot 2024-02-18 at 2.15.14 PM.png","title":"","summary":"","enabletracking":false,"excludefromsearch":false,"hiddenfromsitemap":false}</content>
  <filecontent mimetype="image/png">Screenshot%202024-02-18%20at%202.15.14%20PM.png</filecontent>
  <iscustomizable>1</iscustomizable>
  <name>Screenshot 2024-02-18 at 2.15.14 PM.png</name>
  <powerpagecomponenttype>3</powerpagecomponenttype>
  <powerpagesiteid>
    <powerpagesiteid>4e4eed40-9eb3-49f6-893c-cd23881d312e</powerpagesiteid>
  </powerpagesiteid>
  <statecode>0</statecode>
  <statuscode>1</statuscode>
</powerpagecomponent>