<powerpagecomponent powerpagecomponentid="33583d2a-2eff-4060-b110-99ab66b2221c">
  <content>{"source":"&lt;!-- Default studio template. Please do not modify --&gt;\r\n&lt;div id=\"mainContent\" class = \"wrapper-body\" role=\"main\"&gt;\r\n    {% include 'Page Copy' %}\r\n&lt;/div&gt;"}</content>
  <iscustomizable>1</iscustomizable>
  <name>Default studio template</name>
  <powerpagecomponenttype>8</powerpagecomponenttype>
  <powerpagesiteid>
    <powerpagesiteid>4e4eed40-9eb3-49f6-893c-cd23881d312e</powerpagesiteid>
  </powerpagesiteid>
  <statecode>0</statecode>
  <statuscode>1</statuscode>
</powerpagecomponent>